MANUAL_FORMAT,IS_ETHNIC,CONFIDENCE,NOTES,name,address,category,alternate_categories,brand_name,streetview_url,id,brand_id,website,phone,source_count,latitude,longitude
,,,,Xle Wireless Inc.,1701 Truman St,mobile_phone_store,['automotive_parts_and_accessories' 'grocery_store'],Simple Mobile Authorized Retailers,"https://www.google.com/maps/@34.290627,-118.4482896,3a,75y,0h,90t/data=!3m4!1e1!3m2",d2ec4cbb-b962-447d-80ed-55e92ef97ae3,,https://tracfone.authretailers.com/xle-wireless-inc-ce83c9be4826,+17472402121,2,34.290627,-118.4482896
,,,,Walgreens,9180 Franklin Blvd,pharmacy,['supermarket' 'cosmetic_and_beauty_supplies'],Walgreens,"https://www.google.com/maps/@38.4241284,-121.4485032,3a,75y,0h,90t/data=!3m4!1e1!3m2",30a17454-eec0-41a2-82e5-217a15e12c89,,https://www.walgreens.com/locator/walgreens-9180+franklin+blvd-elk+grove-ca-95758/id=6419,+19164273739,2,38.4241284,-121.4485032
,,,,Shell,430 Noble Ave,gas_station,['convenience_store' 'energy_company'],Shell,"https://www.google.com/maps/@36.325699,-119.209671,3a,75y,0h,90t/data=!3m4!1e1!3m2",cc0c084e-60a2-4981-8c49-2d228f9b48c8,,https://find.shell.com/us/fuel/10014078-430-noble-ave,+15596367690,2,36.325699,-119.209671
,,,,You Buy We Fry Fish Market,268 E South St,grocery_store,['health_food_store' 'shopping'],,"https://www.google.com/maps/@33.86003,-118.18999,3a,75y,0h,90t/data=!3m4!1e1!3m2",afa52962-5ec0-4ea7-a14c-d547350dcc10,,,+15624229695,2,33.86003,-118.18999
,,,,Jet Food and Liquor,43535 Gadsden Ave,convenience_store,['supermarket' 'grocery_store'],,"https://www.google.com/maps/@34.6746312,-118.1439447,3a,75y,0h,90t/data=!3m4!1e1!3m2",b5921300-1736-459c-8e4c-3a750ca78c21,,,+16619490107,2,34.6746312,-118.1439447
,,,,"Hummus Heaven Monterey, San Benito, Santa Cruz counties",1750 Doolittle Dr,grocery_store,['food_stand' 'farmers_market'],,"https://www.google.com/maps/@37.70864,-122.18224,3a,75y,0h,90t/data=!3m4!1e1!3m2",b1fe4e8e-da09-4b4f-9148-a0a357d50762,,,,2,37.70864,-122.18224
,,,,Srishivasai Indian Supermarket,2410 San Ramon Valley Blvd,supermarket,['grocery_store' 'specialty_grocery_store'],,"https://www.google.com/maps/@37.7755496,-121.9763288,3a,75y,0h,90t/data=!3m4!1e1!3m2",9815a68a-dbb2-4037-84de-72ca0ad5ec64,,http://srishivasaigrocery.com/,+19258778777,2,37.7755496,-121.9763288
,,,,Raspados Playas Mexicali BC,Cataratas del Niagara esquina con Islas Bahamas Fraccionamiento Santa Monica,ice_cream_shop,['grocery_store' 'desserts'],,"https://www.google.com/maps/@32.619934,-115.4885395,3a,75y,0h,90t/data=!3m4!1e1!3m2",2bc80672-607a-4baf-830c-79e596645b90,,,+526861761226,2,32.619934,-115.4885395
,,,,Ralphs Market,801 Lincoln Ave,grocery_store,['supermarket' 'convenience_store'],,"https://www.google.com/maps/@37.77542,-122.27244,3a,75y,0h,90t/data=!3m4!1e1!3m2",ca08d75a-4513-4ebc-8fc6-c8760837b060,,,+15105234747,2,37.77542,-122.27244
,,,,Fast & Easy Mart,5321 Old Redwood Hwy,gas_station,['grocery_store' 'convenience_store'],,"https://www.google.com/maps/@38.5127375,-122.765941,3a,75y,0h,90t/data=!3m4!1e1!3m2",6e019d67-4531-49d6-b535-9183133bf7c8,,https://fast-easy-mart-ca-7.hub.biz,+17075757164,2,38.5127375,-122.765941
,,,,Plaza Liquors,2420 W Turner Rd,liquor_store,['convenience_store' 'eat_and_drink'],,"https://www.google.com/maps/@38.1452869,-121.3050547,3a,75y,0h,90t/data=!3m4!1e1!3m2",a53ad2fc-f329-4025-bd08-e6dbbeebc7f8,,http://www.shell.com,+12093691960,2,38.1452869,-121.3050547
,,,,Seaside Services,231 Windsor Way,convenience_store,['specialty_grocery_store' 'restaurant'],,"https://www.google.com/maps/@33.7517621,-118.1886117,3a,75y,0h,90t/data=!3m4!1e1!3m2",972e41bc-18d3-4bb1-8b3e-be1568d19ba4,,,+18182205955,2,33.7517621,-118.1886117
,,,,Raley's,1040 Emerald Bay Rd,grocery_store,['supermarket'],,"https://www.google.com/maps/@38.9118361,-120.0056758,3a,75y,0h,90t/data=!3m4!1e1!3m2",88f8b3e4-1841-42c1-8c52-b87a6c691d49,,,+15305415160,2,38.9118361,-120.0056758
,,,,7-11 Str   7022 Stockton Ave,7022 STOCKTON AVE,convenience_store,,7-Eleven,"https://www.google.com/maps/@37.9102398,-122.2995323,3a,75y,0h,90t/data=!3m4!1e1!3m2",03734264-87a6-4d49-9cc3-490c4e28278e,Q259340,https://www.7-eleven.com/locations/ca/el-cerrito/7022-stockton-ave-14192,,2,37.9102398,-122.2995323
,,,,Panaderia La Estrellita,Calle Cócorit 3701,bakery,['grocery_store'],,"https://www.google.com/maps/@32.6510677,-115.5399105,3a,75y,0h,90t/data=!3m4!1e1!3m2",32db87fd-fa27-4ba8-9503-d816b8a60597,,,+526863330535,2,32.6510677,-115.5399105
,,,,Purificadora de la Baja,Avenida Mutualismo 7707,grocery_store,,,"https://www.google.com/maps/@32.53248,-117.04333,3a,75y,0h,90t/data=!3m4!1e1!3m2",97658085-fc72-479b-96a6-24885def2345,,,+6644212059,2,32.53248,-117.04333
,,,,7-Eleven,700 State St,convenience_store,['grocery_store' 'gas_station'],7-Eleven,"https://www.google.com/maps/@34.4189027,-119.6980807,3a,75y,0h,90t/data=!3m4!1e1!3m2",c48fe128-5fca-4e7f-be28-84cc2a01adbf,,https://www.7-eleven.com/locations/ca/santa-barbara/700-state-st-38318,+18055706584,2,34.4189027,-119.6980807
,,,,Von's Express Grocery Store,117 Catalina Ave,grocery_store,['shopping' 'delicatessen'],,"https://www.google.com/maps/@33.343016,-118.325792,3a,75y,0h,90t/data=!3m4!1e1!3m2",55f90091-ec70-456e-a482-42d2a60dbdc0,,,+13105107397,2,33.343016,-118.325792
,,,,7-Eleven,1560 E Grand Ave,convenience_store,['grocery_store' 'discount_store'],7-Eleven,"https://www.google.com/maps/@33.1306313,-117.0582121,3a,75y,0h,90t/data=!3m4!1e1!3m2",367d3df3-123f-40e5-a4fe-2c68db5eab50,,https://www.7-eleven.com/locations/ca/escondido/1560-east-grand-13629,+17607434077,2,33.1306313,-117.0582121
,,,,7-Eleven,5380 Lindhurst Ave,convenience_store,['grocery_store' 'supermarket'],7-Eleven,"https://www.google.com/maps/@39.1096267,-121.5553016,3a,75y,0h,90t/data=!3m4!1e1!3m2",8f2204b4-0c82-47a3-b05e-46bb0cb55498,,https://www.7-eleven.com/locations/ca/marysville/5380-lindhurst-ave-39258,+15307498096,2,39.1096267,-121.5553016
,,,,Produce Market,2109 S Marina Dr,grocery_store,['supermarket' 'bakery'],,"https://www.google.com/maps/@33.280348,-115.961605,3a,75y,0h,90t/data=!3m4!1e1!3m2",51927c3b-7132-476c-b43d-5f14a504d1f4,,,+17606001180,2,33.280348,-115.961605
,,,,7-Eleven,9205 Twin Trails Dr,convenience_store,['grocery_store' 'shopping'],7-Eleven,"https://www.google.com/maps/@32.9568301,-117.128518,3a,75y,0h,90t/data=!3m4!1e1!3m2",d956fcff-e245-4a54-bb67-5da3b60dde77,,http://www.7-eleven.com/,+18585388409,2,32.9568301,-117.128518
,,,,Grocery Outlet,"3499 St. Rose Parkway, Suite 120",supermarket,['superstore'],Grocery Outlet,"https://www.google.com/maps/@35.98708,-115.14048,3a,75y,0h,90t/data=!3m4!1e1!3m2",21e87a9c-3ac5-4894-b42e-97ac83c6355a,Q5609934,,,2,35.98708,-115.14048
,,,,Gracebank Creations,1503 W Martin Luther King Jr Blvd,convenience_store,,,"https://www.google.com/maps/@34.011,-118.3037,3a,75y,0h,90t/data=!3m4!1e1!3m2",59716614-b217-4681-b1c1-34fe2bf21312,,http://www.jbcyum.com/,+13232981310,2,34.011,-118.3037
,,,,Vons,311 W Los Feliz Rd,grocery_store,['supermarket' 'organic_grocery_store'],Albertsons,"https://www.google.com/maps/@34.1291816,-118.2585995,3a,75y,0h,90t/data=!3m4!1e1!3m2",7908b5f5-fe38-42d8-aacb-655b5a5cc899,,https://local.vons.com/ca/glendale/311-w-los-feliz-blvd.html,+18182467161,2,34.1291816,-118.2585995
,,,,Am Pm Gas,6599 Citrus Ave,gas_station,['convenience_store' 'automotive'],,"https://www.google.com/maps/@34.1342388,-117.453065,3a,75y,0h,90t/data=!3m4!1e1!3m2",6c8a6c53-9726-464c-8993-fcfd42b279da,,www.ampm.com,,2,34.1342388,-117.453065
,,,,Smart & Final,3400 White Ln,grocery_store,['wholesale_store' 'supermarket'],Smart & Final,"https://www.google.com/maps/@35.3181442,-119.0409091,3a,75y,0h,90t/data=!3m4!1e1!3m2",34e58206-560c-44d0-97f6-dc04987a197b,,http://www.smartandfinal.com/store,+16618324540,2,35.3181442,-119.0409091
,,,,Shell,341 N Vermont Ave,gas_station,['convenience_store' 'energy_company'],Shell,"https://www.google.com/maps/@34.0774425,-118.2919332,3a,75y,0h,90t/data=!3m4!1e1!3m2",741e531f-b2f2-4bce-b9ec-bccc1799c3ad,,https://find.shell.com/us/fuel/10008001-341-n-vermont-ave,+13236662250,2,34.0774425,-118.2919332
,,,,El Toro Rojo,101 W El Portal,grocery_store,['mexican_restaurant' 'texmex_restaurant'],,"https://www.google.com/maps/@33.430423,-117.621627,3a,75y,0h,90t/data=!3m4!1e1!3m2",5ef1d7e7-918e-4a65-aba4-e770c515c652,,,+19493692605,2,33.430423,-117.621627
,,,,El Rey Market,177 Southwest Blvd,grocery_store,['supermarket' 'shopping'],,"https://www.google.com/maps/@38.3358264,-122.7071184,3a,75y,0h,90t/data=!3m4!1e1!3m2",ba7ec3a5-f9e7-4398-a4ef-c23a7b6de128,,,+17079920311,2,38.3358264,-122.7071184
,,,,Huntington Park,7000 S. Alameda St.,supermarket,['superstore'],El Super,"https://www.google.com/maps/@33.975785,-118.234925,3a,75y,0h,90t/data=!3m4!1e1!3m2",82efc15c-418b-454f-816b-c67018fa8fe6,Q124810916,https://elsupermarkets.com/store/huntington-park/,,2,33.975785,-118.234925
,,,,7-Eleven,2005 Marconi Ave,convenience_store,['grocery_store' 'supermarket'],7-Eleven,"https://www.google.com/maps/@38.6200838,-121.4188016,3a,75y,0h,90t/data=!3m4!1e1!3m2",4e4da306-7ec7-4214-8a92-5c0849641641,,https://www.7-eleven.com/locations/ca/sacramento/2005-marconi-ave-34492,+19169246712,2,38.6200838,-121.4188016
,,,,Sinaloa Market,601 Atlantic Ave,butcher_shop,['grocery_store' 'supermarket'],,"https://www.google.com/maps/@33.7742519,-118.1851509,3a,75y,0h,90t/data=!3m4!1e1!3m2",024a8a64-8fc3-44fb-b68e-ee6275eb68e8,,https://sinaloa-market-ca.hub.biz,+15625903999,2,33.7742519,-118.1851509
,,,,7-Eleven,4885 S Jones Blvd,convenience_store,['grocery_store' 'supermarket'],7-Eleven,"https://www.google.com/maps/@36.1002472,-115.2257267,3a,75y,0h,90t/data=!3m4!1e1!3m2",44ac22c2-a77c-475a-9342-51d2bf720548,,https://www.7-eleven.com/locations/nv/las-vegas/4885-s-jones-blvd-27327,+17028719645,2,36.1002472,-115.2257267
,,,,Distribuidora Welton,,grocery_store,['convenience_store'],,"https://www.google.com/maps/@32.5740288,-115.3427189,3a,75y,0h,90t/data=!3m4!1e1!3m2",f79c0fea-edac-4506-9ad2-cc388a43d7b9,,,+526865340265,2,32.5740288,-115.3427189
,,,,Sylvia's Market,68800 Pierce St,grocery_store,['supermarket' 'shopping'],,"https://www.google.com/maps/@33.548858,-116.112638,3a,75y,0h,90t/data=!3m4!1e1!3m2",df915327-bd21-4f0b-8534-6242b0b5c56a,,,+17603971050,2,33.548858,-116.112638
,,,,Abarrotes Islas,Avenida La Purísima 2400,grocery_store,['convenience_store' 'supermarket'],,"https://www.google.com/maps/@32.6536629,-115.5159814,3a,75y,0h,90t/data=!3m4!1e1!3m2",0e0482e1-7607-4393-9091-1d048f1447d6,,,,2,32.6536629,-115.5159814
,,,,Healthy Family Nutrition Oxnard,2190 Saviers Rd,supermarket,['grocery_store' 'eat_and_drink'],,"https://www.google.com/maps/@34.1786071,-119.1772489,3a,75y,0h,90t/data=!3m4!1e1!3m2",7b3cac8a-d267-4906-9fe6-066824ab94ae,,,+18053854300,2,34.1786071,-119.1772489
,,,,Abarrotes Don Pepe,AVENIDA RODOLFO SANCHEZ TABOADA,grocery_store,['supermarket'],,"https://www.google.com/maps/@32.6355622,-114.8495954,3a,75y,0h,90t/data=!3m4!1e1!3m2",c53d6f67-11d5-4f83-a357-44f4c45eeb16,,,+526865424770,2,32.6355622,-114.8495954
,,,,Shell,3103 Atchison St,gas_station,['convenience_store' 'energy_company'],Shell,"https://www.google.com/maps/@37.7382133,-120.9388298,3a,75y,0h,90t/data=!3m4!1e1!3m2",d655e6a6-e5aa-4081-9029-908ed7c48263,,http://www.shell.us/,+12098693030,2,37.7382133,-120.9388298
,,,,Trader Joe's,10345 S Eastern Ave,grocery_store,['supermarket' 'organic_grocery_store'],Trader Joe's,"https://www.google.com/maps/@36.0009175,-115.1092501,3a,75y,0h,90t/data=!3m4!1e1!3m2",2742e07d-fec6-4bb5-bb07-70dbc8325dcf,,https://locations.traderjoes.com/nv/henderson/280/,+17024078673,2,36.0009175,-115.1092501
,,,,Abarrotes Los Fierritos,Calle Río Zitácuaro 881,grocery_store,['supermarket' 'convenience_store'],,"https://www.google.com/maps/@32.6022681,-115.384458,3a,75y,0h,90t/data=!3m4!1e1!3m2",b63fd4bc-473a-4e1c-b605-0cb629adf200,,,+526861803550,2,32.6022681,-115.384458
,,,,Shop Smart,201 Empire Dr,grocery_store,,,"https://www.google.com/maps/@40.12013030611168,-123.82383679691142,3a,75y,0h,90t/data=!3m4!1e1!3m2",b795c7a5-b74a-43db-b99f-4ec562960143,,https://www.shopsmartfoods.com,(707) 923-2172,2,40.12013030611168,-123.82383679691142
,,,,ExtraMile,14902 Beach Blvd,convenience_store,['gas_station'],ExtraMile,"https://www.google.com/maps/@33.7461991,-117.9892172,3a,75y,0h,90t/data=!3m4!1e1!3m2",93719fab-374f-48f9-8773-71688eb252a2,,https://www.chevronextramile.com/station-finder/14902-beach-blvd-westminster-ca-92683-5345-id202325,+17148971357,2,33.7461991,-117.9892172
,,,,7-Eleven,"C. Fontellas 1398. Col. La Condesa. Mexicali, Baja California",convenience_store,,7-Eleven,"https://www.google.com/maps/@32.590783,-115.331853,3a,75y,0h,90t/data=!3m4!1e1!3m2",9f863b26-758b-4836-922d-139c160d6ee2,Q259340,,,2,32.590783,-115.331853
,,,,Mercado El Garitón,Calle Heroico Colegio Militar 1115,grocery_store,['shopping'],,"https://www.google.com/maps/@32.6516985,-115.5055881,3a,75y,0h,90t/data=!3m4!1e1!3m2",7de3baca-ae2e-4d60-bc28-d06460efc790,,,,2,32.6516985,-115.5055881
,,,,Wing Hop Fung,400 S Baldwin Ave,grocery_store,['specialty_grocery_store' 'supermarket'],,"https://www.google.com/maps/@34.1346985,-118.052811,3a,75y,0h,90t/data=!3m4!1e1!3m2",5a410007-0f36-4297-8096-4806a81e3946,,http://www.winghopfung.com,+16265088888,2,34.1346985,-118.052811
,,,,Mercado Winton,6592 N Winton Way,mexican_restaurant,['grocery_store' 'texmex_restaurant'],,"https://www.google.com/maps/@37.383065,-120.612107,3a,75y,0h,90t/data=!3m4!1e1!3m2",a5faa988-8223-4e66-909d-0d4041f03cbd,,https://mercadowinton.wixsite.com/grocery,+12093578010,2,37.383065,-120.612107
,,,,JT Asian Market,1215 S Santa Fe Ave,grocery_store,['supermarket' 'shopping'],,"https://www.google.com/maps/@33.188169,-117.2260252,3a,75y,0h,90t/data=!3m4!1e1!3m2",ad72e1ba-f3bc-4a71-a3f7-7815fd7131fe,,,+17602950573,2,33.188169,-117.2260252
,,,,Grocery Outlet,3550 Bernal Ave,grocery_store,['discount_store' 'supermarket'],Grocery Outlet,"https://www.google.com/maps/@37.6619594,-121.8560501,3a,75y,0h,90t/data=!3m4!1e1!3m2",23855241-bf52-40ee-8e70-f4f644b17c1c,,https://www.groceryoutlet.com/circulars/storeid/478?utm_source=fb&utm_medium=yext,+19253988649,2,37.6619594,-121.8560501
,,,,El Potrillo Market,4151 W 3rd St,grocery_store,['supermarket' 'shopping'],,"https://www.google.com/maps/@34.0693166,-118.3042907,3a,75y,0h,90t/data=!3m4!1e1!3m2",dcde6d83-dad0-429d-a735-91924e752857,,,+12134873217,2,34.0693166,-118.3042907
,,,,Olivehurst Food Center,4900 Powerline Rd,grocery_store,['supermarket' 'eat_and_drink'],,"https://www.google.com/maps/@39.0963069,-121.5448349,3a,75y,0h,90t/data=!3m4!1e1!3m2",5eb8b2cf-0130-47fd-8ed1-b27d86666dfc,,,+15309232503,2,39.0963069,-121.5448349
,,,,Dollar Tree,251 Ranch Dr,convenience_store,['discount_store' 'retail'],,"https://www.google.com/maps/@37.429848,-121.9214449,3a,75y,0h,90t/data=!3m4!1e1!3m2",9b1ca26b-565c-4373-8004-2e274ef3c8ad,,http://www.dollartree.com/locations/ca/milpitas/4293/,4089645835,2,37.429848,-121.9214449
,,,,Arp Mini-Market,25775 Patterson Pass Rd,convenience_store,['grocery_store'],,"https://www.google.com/maps/@37.7190891,-121.5370386,3a,75y,0h,90t/data=!3m4!1e1!3m2",d5ee2cc4-d181-4039-a2a4-e959b0389ead,,,+12098357777,2,37.7190891,-121.5370386
,,,,Albas Oranges,9077 Victoria Ave,grocery_store,['health_food_store'],,"https://www.google.com/maps/@33.91041,-117.42612,3a,75y,0h,90t/data=!3m4!1e1!3m2",94f0d44a-d79b-4a51-82d0-b02e8f6306e9,,,+13109465519,2,33.91041,-117.42612
,,,,Milliken Liquor,9635 Milliken Ave,liquor_store,['grocery_store' 'eat_and_drink'],,"https://www.google.com/maps/@34.0787645,-117.5577852,3a,75y,0h,90t/data=!3m4!1e1!3m2",ea92cebf-71c2-43da-8ccf-fb50e20c0cc8,,http://www.healthysmilesrus.com,+19095813100,2,34.0787645,-117.5577852
,,,,West Coast Farmers Market Association,320 Mariposa Street,farmers_market,['fruits_and_vegetables' 'grocery_store'],West Coast Farmers Market Association,"https://www.google.com/maps/@36.8444999,-121.53678,3a,75y,0h,90t/data=!3m4!1e1!3m2",03eab9ea-d1db-4610-946d-2163243893a0,,,+16502903549,2,36.8444999,-121.53678
,,,,ARCO,150 E Monte Vista Ave,gas_station,['convenience_store' 'chemical_plant'],ARCO,"https://www.google.com/maps/@37.5216438,-120.8468132,3a,75y,0h,90t/data=!3m4!1e1!3m2",80ee3bfe-1bd5-48cc-825f-14b56aabc1f9,,https://www.arco.com/en-us/northwest/,+13096681818,2,37.5216438,-120.8468132
,,,,Central Gas,1825 Cutting Blvd,gas_station,['convenience_store'],,"https://www.google.com/maps/@37.9252755,-122.3515125,3a,75y,0h,90t/data=!3m4!1e1!3m2",f6e3e695-2137-4f2e-a436-0b6efce04827,,,+15106094938,2,37.9252755,-122.3515125
,,,,Tuolumne Certified Farmers Market,18640 Main St,farmers_market,['grocery_store' 'fruits_and_vegetables'],,"https://www.google.com/maps/@37.961077,-120.238011,3a,75y,0h,90t/data=!3m4!1e1!3m2",1a5563c4-b16a-431c-b86b-8c6982767f5b,,http://www.realtimefarms.com/market/tuolumne-memorial-park-cfm,+12099284351,2,37.961077,-120.238011
,,,,Salvia Blanca Mercadito Organico,Boulevard Alberto Limón Padilla 17515,grocery_store,,,"https://www.google.com/maps/@32.5334483,-116.9413128,3a,75y,0h,90t/data=!3m4!1e1!3m2",8c3c0d19-3169-4064-ad70-bec19b0fe728,,,+526632011696,2,32.5334483,-116.9413128
,,,,ARCO,12185 State Highway 33,gas_station,['convenience_store' 'chemical_plant'],ARCO,"https://www.google.com/maps/@37.1121789,-121.0162821,3a,75y,0h,90t/data=!3m4!1e1!3m2",ba69bde5-b945-41c0-b50c-8ee600872ba0,,https://www.arco.com/en-us/northwest/,+12098279065,2,37.1121789,-121.0162821
,,,,La Esperanza Food Center,823 E Cleveland Ave,grocery_store,['mexican_restaurant' 'restaurant'],,"https://www.google.com/maps/@36.9749871,-120.0569801,3a,75y,0h,90t/data=!3m4!1e1!3m2",d847c4f9-6746-41fb-b087-c8b369a55369,,http://www.migonline.com,+15596740411,2,36.9749871,-120.0569801
,,,,7-Eleven,3310 E Imperial Hwy,convenience_store,['grocery_store' 'supermarket'],7-Eleven,"https://www.google.com/maps/@33.9088729,-117.8516683,3a,75y,0h,90t/data=!3m4!1e1!3m2",b588cfcb-f62a-4ff1-865b-dd06befa80dd,,https://www.7-eleven.com/locations/ca/brea/3310-e-imperial-hwy-35718,+17147920540,2,33.9088729,-117.8516683
,,,,Mina Mini Market & Tobacco,1455 E Rosecrans Ave,convenience_store,['tobacco_shop' 'retail'],,"https://www.google.com/maps/@33.9034204,-118.2241357,3a,75y,0h,90t/data=!3m4!1e1!3m2",b79bb631-5958-4fb6-a32c-e8d6c1853964,,https://www.minaminimarket.com/,3109338650,2,33.9034204,-118.2241357
,,,,Dulcería Olivia,CALZADA VILLA OBREGON 3399,candy_store,['grocery_store' 'shopping'],,"https://www.google.com/maps/@32.6085124,-115.3773628,3a,75y,0h,90t/data=!3m4!1e1!3m2",d3632ecd-934e-475b-9e73-cb92c92a57ee,,,+526861191563,2,32.6085124,-115.3773628
,,,,Speedway,2338 Del Monte Ave,convenience_store,['gas_station' 'grocery_store'],Speedway,"https://www.google.com/maps/@36.6039377,-121.8618605,3a,75y,0h,90t/data=!3m4!1e1!3m2",f10fa6ac-f100-47ff-ad33-b0de560bddb3,,https://www.speedway.com/locations/CA/Monterey/2338-Del-Monte-Ave,+18313736852,2,36.6039377,-121.8618605
,,,,Bob's Liquor and Food ATM,510 W J St,convenience_store,['atms' 'liquor_store'],,"https://www.google.com/maps/@38.0559945,-122.1655111,3a,75y,0h,90t/data=!3m4!1e1!3m2",eecf6a1e-a0e4-4cc5-9b3e-1a6da949d799,,,+17077451521,2,38.0559945,-122.1655111
,,,,Dollar General,15363 Village Dr,discount_store,['grocery_store'],Dollar General,"https://www.google.com/maps/@34.530271,-117.3173194,3a,75y,0h,90t/data=!3m4!1e1!3m2",2c523629-b5d3-4ba4-8a46-5aa752245ebe,,https://www.dollargeneral.com/store-directory/ca/victorville/23020,+14423861064,2,34.530271,-117.3173194
,,,,B & B Liquor,141 E Broadway,liquor_store,['convenience_store' 'grocery_store'],,"https://www.google.com/maps/@33.2009934,-117.2419263,3a,75y,0h,90t/data=!3m4!1e1!3m2",9496933d-40ae-4e5d-aff9-4fc8c3c1c9b2,,,+17607260912,2,33.2009934,-117.2419263
,,,,Nine Liquor,2964 Yorba Linda Blvd,liquor_store,['eat_and_drink' 'convenience_store'],,"https://www.google.com/maps/@33.8874469,-117.8760472,3a,75y,0h,90t/data=!3m4!1e1!3m2",da816eb8-ba5b-4f78-98ce-cb5a7cfc0fe2,,http://nineliquor1.placeweb.site,+17147920550,2,33.8874469,-117.8760472
,,,,Death Valley Marketplace,3280 W Bell Vista Ave,convenience_store,['supermarket' 'grocery_store'],,"https://www.google.com/maps/@36.2639986,-116.0730678,3a,75y,0h,90t/data=!3m4!1e1!3m2",3c3b9484-a09f-41fd-827a-5ce755af2d15,,,+18084434847,2,36.2639986,-116.0730678
,,,,A & J  Market,5207 S Figueroa St,grocery_store,['supermarket' 'bakery'],,"https://www.google.com/maps/@33.995416,-118.282906,3a,75y,0h,90t/data=!3m4!1e1!3m2",990a671f-2328-4a40-a48e-6d5f5064db6b,,,+3232387889,2,33.995416,-118.282906
,,,,Dollar General,25352 W Main St,discount_store,['grocery_store' 'supermarket'],Dollar General,"https://www.google.com/maps/@34.8781924,-117.1076943,3a,75y,0h,90t/data=!3m4!1e1!3m2",10342f50-79ac-408e-b81a-67f4311babf3,,https://www.dollargeneral.com/store-directory/ca/barstow/22201,+14422334465,2,34.8781924,-117.1076943
,,,,Big John's,8032 Mountain Ranch Rd,gas_station,['convenience_store' 'grocery_store'],,"https://www.google.com/maps/@38.2278254,-120.5426694,3a,75y,0h,90t/data=!3m4!1e1!3m2",092a7620-abbc-4ce8-a39a-3427755469e7,,,+12097549550,2,38.2278254,-120.5426694
,,,,Wm bazar,Boulevard Lázaro Cárdenas 989,grocery_store,,,"https://www.google.com/maps/@32.6249873,-115.4302602,3a,75y,0h,90t/data=!3m4!1e1!3m2",9cb7ab3d-d59a-4584-a5e5-202a368ffe12,,,+526862886444,2,32.6249873,-115.4302602
,,,,Harry's  S P Liquor,4556 Auburn Blvd,liquor_store,['shopping' 'convenience_store'],,"https://www.google.com/maps/@38.649809,-121.3580093,3a,75y,0h,90t/data=!3m4!1e1!3m2",06cd7001-5cc0-4814-95fa-4bc7a483a350,,http://spliquors.com/,+19164853734,2,38.649809,-121.3580093
,,,,Decamere Supermarket,1001 Valencia St,supermarket,['grocery_store' 'convenience_store'],,"https://www.google.com/maps/@37.756819,-122.420958,3a,75y,0h,90t/data=!3m4!1e1!3m2",af99d1e7-2011-4b9d-a5e9-09db7a520b08,,,+14156485074,2,37.756819,-122.420958
,,,,Thaj Yeeb Market,4905 E Kings Canyon Rd,grocery_store,['supermarket' 'fruits_and_vegetables'],,"https://www.google.com/maps/@36.7372034,-119.7312621,3a,75y,0h,90t/data=!3m4!1e1!3m2",4df5593f-7ca8-4753-9715-3cec166de5eb,,,+15593745950,2,36.7372034,-119.7312621
,,,,Modelorama 3 Estrellas,Calle Río Quelite 1201a,grocery_store,['supermarket' 'beer_garden'],Modelorama,"https://www.google.com/maps/@32.6344051,-115.4253813,3a,75y,0h,90t/data=!3m4!1e1!3m2",af156d3b-605f-4948-b013-0531557e7d45,,,+526862267921,2,32.6344051,-115.4253813
,,,,Smith's,2211 N Rampart Blvd,supermarket,['grocery_store' 'pharmacy'],Smith's Food and Drug Stores,"https://www.google.com/maps/@36.2016547,-115.2840313,3a,75y,0h,90t/data=!3m4!1e1!3m2",578329b1-d2c1-44c1-9dcf-4d2e63eef030,,https://www.smithsfoodanddrug.com/stores/grocery/nv/las-vegas/2211-n-rampart-blvd-las-vegas-nv/706/00385?cid=loc_70600385_fb,+17022565200,2,36.2016547,-115.2840313
,,,,Northgate Gonzalez Markets,2633 Santa Ana St,grocery_store,['supermarket'],Northgate Gonzalez Markets,"https://www.google.com/maps/@33.964795,-118.2241563,3a,75y,0h,90t/data=!3m4!1e1!3m2",4e1abe61-715c-4826-ae14-7774081ad30b,,http://www.northgatemarket.com/,+3232773000,2,33.964795,-118.2241563
,,,,Pucker & Pout,7250 S Durango Dr,convenience_store,['shopping'],,"https://www.google.com/maps/@36.05644,-115.27844,3a,75y,0h,90t/data=!3m4!1e1!3m2",12e8ae0c-0c7f-4f8b-a414-326b9c06d3a0,,http://puckerpout.company.site/,+18593041659,2,36.05644,-115.27844
,,,,7-Eleven,Colonia: INDECO UNIVERSIDAD. CALZADA TECNOLOGICO # 13801,convenience_store,,7-Eleven,"https://www.google.com/maps/@32.531249,-116.958458,3a,75y,0h,90t/data=!3m4!1e1!3m2",28dd1990-35b9-412a-90d8-97e0712b6421,Q259340,,,2,32.531249,-116.958458
,,,,Evergreen Food Store,2414 N Marks Ave,grocery_store,['convenience_store'],,"https://www.google.com/maps/@36.7722681,-119.8436567,3a,75y,0h,90t/data=!3m4!1e1!3m2",48a70328-2da2-491f-a7b2-eeb89f9b0951,,,+15592880311,2,36.7722681,-119.8436567
,,,,The Good Life Grocery,1524 20th St,grocery_store,['supermarket' 'organic_grocery_store'],,"https://www.google.com/maps/@37.7601085,-122.3968255,3a,75y,0h,90t/data=!3m4!1e1!3m2",adb6dc19-fab2-473b-94e3-0ed685fe962a,,https://potrerohillpsychotherapy.com,+14152829204,2,37.7601085,-122.3968255
,,,,Osaka Marketplace,129 Anza St,supermarket,['grocery_store'],,"https://www.google.com/maps/@37.5306,-121.91994,3a,75y,0h,90t/data=!3m4!1e1!3m2",df3727d2-321d-4703-b4d5-6fbcecb45d39,,,,2,37.5306,-121.91994
,,,,99 Cents Only Stores,3684 Sonoma Blvd,convenience_store,['discount_store' 'party_supply' 'retail'],,"https://www.google.com/maps/@38.1248244,-122.2541858,3a,75y,0h,90t/data=!3m4!1e1!3m2",a9415c63-abe1-400d-aa4d-9c77a312a86b,,http://www.99only.com/,7075531083,2,38.1248244,-122.2541858
,,,,Cris Market & Restaurant,2704 De La Vina St,grocery_store,['restaurant' 'supermarket'],,"https://www.google.com/maps/@34.43592,-119.72515,3a,75y,0h,90t/data=!3m4!1e1!3m2",a5d8bf18-d475-4ef0-846e-f83d9f6efcac,,,+18055691591,2,34.43592,-119.72515
,,,,Monterey Marketplace,98 Del Monte Ave,farmers_market,['eat_and_drink' 'grocery_store'],,"https://www.google.com/maps/@36.600792,-121.8944087,3a,75y,0h,90t/data=!3m4!1e1!3m2",d33bb537-6719-48ea-aaed-c45ca0b8f808,,https://www.oldmonterey.org/oldmonterey/farmers-market-old-monterey-marketplace,+18316552607,2,36.600792,-121.8944087
,,,,Selam Market,5534 W Pico Blvd,convenience_store,['butcher_shop' 'delicatessen'],,"https://www.google.com/maps/@34.0492801,-118.359282,3a,75y,0h,90t/data=!3m4!1e1!3m2",880f852c-8c67-4632-b35e-e4b165fa22ce,,http://cartory.com,+13239355567,2,34.0492801,-118.359282
,,,,Ocean Market,304 Ocean St,supermarket,['grocery_store' 'shopping'],,"https://www.google.com/maps/@36.9710847,-122.0172156,3a,75y,0h,90t/data=!3m4!1e1!3m2",f0ddee05-c0a2-407c-9a83-7b41390e64a8,,,+18314255145,2,36.9710847,-122.0172156
,,,,Perfumes y Más LLC,755 N Nellis Blvd,bakery,['eat_and_drink' 'grocery_store'],,"https://www.google.com/maps/@36.1762712,-115.0637251,3a,75y,0h,90t/data=!3m4!1e1!3m2",5b11f2b6-9e36-4f8b-b17d-cae0b34ea0e7,,,+17023787504,2,36.1762712,-115.0637251
,,,,7-11 Str   1535 Foothill Blvd,1535 FOOTHILL BLVD,convenience_store,,7-Eleven,"https://www.google.com/maps/@34.2096793976672,-118.210706868695,3a,75y,0h,90t/data=!3m4!1e1!3m2",866d4a0a-aaee-406e-a4e5-9d39d9701004,Q259340,https://www.7-eleven.com/locations/ca/la-canada-flintridge/1535-foothill-blvd-34765,,2,34.2096793976672,-118.210706868695
,,,,La Mexicana Food Products,4601 Pacific Blvd,mexican_restaurant,['grocery_store' 'food_beverage_service_distribution'],,"https://www.google.com/maps/@34.001679,-118.225518,3a,75y,0h,90t/data=!3m4!1e1!3m2",636a67d7-7b5e-4be1-9bfc-eaae6954540a,,http://www.lamexicanasalsa.com,+13232773660,2,34.001679,-118.225518
,,,,Bobbi's Liquor,2699 1st St,liquor_store,['convenience_store' 'grocery_store'],,"https://www.google.com/maps/@37.3601986,-120.5963903,3a,75y,0h,90t/data=!3m4!1e1!3m2",51622d77-fe43-437b-9306-6e1b6b8df256,,,+12093578888,2,37.3601986,-120.5963903
,,,,Rc Package House,98 Broad St,liquor_store,['grocery_store' 'eat_and_drink'],,"https://www.google.com/maps/@37.7133331,-122.4560116,3a,75y,0h,90t/data=!3m4!1e1!3m2",9d8b8788-f639-4398-b891-5ae5d6a494b6,,,+14158411618,2,37.7133331,-122.4560116
,,,,Chevron,29980 Temecula Pkwy,gas_station,['convenience_store' 'car_wash'],Chevron,"https://www.google.com/maps/@33.4794882,-117.137001,3a,75y,0h,90t/data=!3m4!1e1!3m2",1248b813-617d-47e8-bd25-f283b8ad7ebb,,http://www.chevron.com/,+19512977304,2,33.4794882,-117.137001
,,,,Sinclair Gas Station,3073 Los Feliz Blvd,gas_station,['convenience_store' 'oil_change_station'],Sinclair Oil,"https://www.google.com/maps/@34.124856,-118.2665376,3a,75y,0h,90t/data=!3m4!1e1!3m2",f6f5db35-3968-40b6-841a-f549f6aa0636,,https://www.sinclairoil.com/?utm_source=facebook&utm_medium=yext,+13109915147,2,34.124856,-118.2665376
,,,,On the Go,2501 River Blvd,convenience_store,['grocery_store' 'supermarket'],,"https://www.google.com/maps/@35.3960157,-118.9849731,3a,75y,0h,90t/data=!3m4!1e1!3m2",f72615b4-c9d1-46e0-b7f5-d14315ffc1e2,,,+16614930893,2,35.3960157,-118.9849731
,,,,ampm,1930 Blue Oaks Blvd,convenience_store,,,"https://www.google.com/maps/@38.79241111,-121.3555544,3a,75y,0h,90t/data=!3m4!1e1!3m2",999f1d2c-de50-427d-a018-d98fdd94d531,,https://www.ampm.com/,2799008325,2,38.79241111,-121.3555544
,,,,Rocky Mountain Chocolate Factory,2060 Lake Tahoe Blvd,candy_store,['grocery_store' 'mountain'],,"https://www.google.com/maps/@38.914598,-120.002015,3a,75y,0h,90t/data=!3m4!1e1!3m2",1a7333c2-c062-44ac-8779-d3fc880ffa0b,,http://www.rmcf.com,+15305448288,2,38.914598,-120.002015
,,,,La Economica,"""6 de Enero S/N, Campeche""",convenience_store,['grocery_store' 'bar'],,"https://www.google.com/maps/@32.564997,-114.994401,3a,75y,0h,90t/data=!3m4!1e1!3m2",5ecc66bd-bc48-46af-af5f-f54c3f772cc2,,,+526585174018,2,32.564997,-114.994401
,,,,Panaderia ahualulco,3712 Railroad Ave,bakery,['grocery_store'],,"https://www.google.com/maps/@38.0063339,-121.8936902,3a,75y,0h,90t/data=!3m4!1e1!3m2",68565a98-de6d-48e1-9600-246a994c8138,,,+19252674584,2,38.0063339,-121.8936902
,,,,Mini Liquor & Smoke,,liquor_store,['convenience_store'],,"https://www.google.com/maps/@37.28979,-121.8483,3a,75y,0h,90t/data=!3m4!1e1!3m2",cc28e306-d22b-45b4-aa4f-3130a43fb0bf,,,+14087843400,2,37.28979,-121.8483
,,,,Los Gueros,Avenida de los Aztecas 2,supermarket,['grocery_store' 'tobacco_shop'],,"https://www.google.com/maps/@32.5305934,-116.9362121,3a,75y,0h,90t/data=!3m4!1e1!3m2",8d931470-3e19-4c0c-893f-bc70ee43e294,,,+526646231644,2,32.5305934,-116.9362121
,,,,Dollar Tree,13354 Main St,convenience_store,['discount_store' 'retail'],,"https://www.google.com/maps/@34.4280336,-117.3724816,3a,75y,0h,90t/data=!3m4!1e1!3m2",413c0311-747d-46bb-9a59-d5de10cd657a,,http://www.dollartree.com/locations/ca/hesperia/7008/,7609980014,2,34.4280336,-117.3724816
,,,,Liquor Outlet,9620 Las Vegas Blvd S,liquor_store,['convenience_store' 'grocery_store'],,"https://www.google.com/maps/@36.0152431,-115.171925,3a,75y,0h,90t/data=!3m4!1e1!3m2",a9d667b3-20ae-474f-b762-93a11914c62f,,http://lvliquoroutlet.com,+17022120990,2,36.0152431,-115.171925
,,,,Slo Asian Market,1255 Monterey St,grocery_store,['supermarket' 'shopping'],,"https://www.google.com/maps/@35.2839071,-120.6572024,3a,75y,0h,90t/data=!3m4!1e1!3m2",e81e879f-c4ef-4eb8-bf68-0789a60b3638,,,+18055448599,2,35.2839071,-120.6572024
,,,,Rae's Centre City Market,1440 4th Ave,health_food_store,['grocery_store' 'convenience_store'],,"https://www.google.com/maps/@32.7205612,-117.1613048,3a,75y,0h,90t/data=!3m4!1e1!3m2",7af244e7-f082-46c2-ba6d-97e32b45d1ea,,,+16194310803,2,32.7205612,-117.1613048
,,,,Central Fish Market,5407 S Central Ave,fishmonger,['grocery_store' 'seafood_restaurant'],,"https://www.google.com/maps/@33.9933111,-118.2568644,3a,75y,0h,90t/data=!3m4!1e1!3m2",2d81dee1-2ca1-425a-863a-921fab684a41,,,+13232317578,2,33.9933111,-118.2568644
,,,,G and D Liquor 2,671 S Beach Blvd,convenience_store,['liquor_store' 'grocery_store'],,"https://www.google.com/maps/@33.9247797,-117.9687347,3a,75y,0h,90t/data=!3m4!1e1!3m2",01ca5062-aabb-46e0-b357-067d26d8399e,,http://Instagram.com/GDLIQUOR2,+15622457207,2,33.9247797,-117.9687347
,,,,Distribuidora De Guasave Oficial,Calle Gardenias 161,grocery_store,,,"https://www.google.com/maps/@32.56588,-115.40547,3a,75y,0h,90t/data=!3m4!1e1!3m2",f281cc6c-cd0c-400d-b3e6-a4bb368c94d7,,,+526862596653,2,32.56588,-115.40547
,,,,Los Portales Meat Market,1208 W 5th St,butcher_shop,['meat_wholesaler' 'grocery_store'],,"https://www.google.com/maps/@34.1086277,-117.3119349,3a,75y,0h,90t/data=!3m4!1e1!3m2",8e026e3b-eb3e-4f96-8458-db5a979ab724,,,+19093810145,2,34.1086277,-117.3119349
,,,,MyGoods Market,2950 Auto Mall Pkwy,grocery_store,['supermarket' 'convenience_store'],,"https://www.google.com/maps/@37.5132219,-121.9416786,3a,75y,0h,90t/data=!3m4!1e1!3m2",0240e978-c70a-48e4-ad6d-74ec70b4a631,,http://www.mygoodsmarket.com/contact,+15102708474,2,37.5132219,-121.9416786
,,,,Minimarket Miranda's,Avenida Casa Grande 1878,grocery_store,['convenience_store' 'supermarket'],,"https://www.google.com/maps/@32.5914813,-115.4928539,3a,75y,0h,90t/data=!3m4!1e1!3m2",d087d83c-a586-4718-8abc-62b270839954,,,+526861711643,2,32.5914813,-115.4928539
,,,,7-11 Str   530 N. Diamond Bar,530 N. DIAMOND BAR,convenience_store,,7-Eleven,"https://www.google.com/maps/@34.0294379380218,-117.809684872627,3a,75y,0h,90t/data=!3m4!1e1!3m2",7a7667fe-14c0-4740-92b2-2c0beee06b90,Q259340,https://www.7-eleven.com/locations/ca/diamond-bar/530-n.-diamond-bar-13993,,2,34.0294379380218,-117.809684872627
,,,,Seasonal Palace,811 E Bridger Ave,convenience_store,,,"https://www.google.com/maps/@36.165797,-115.138024,3a,75y,0h,90t/data=!3m4!1e1!3m2",e92ea618-5f3f-4e8f-95be-aeaccd788b02,,http://www.seasonalpalace.com/,+17022388570,2,36.165797,-115.138024
,,,,Toogino's,Boulevard Industrial 17,pizza_restaurant,['grocery_store' 'supermarket'],,"https://www.google.com/maps/@32.53715,-116.9304796,3a,75y,0h,90t/data=!3m4!1e1!3m2",66e03623-4a52-426c-abad-4d4ccb8a1c77,,,+526646233031,2,32.53715,-116.9304796
,,,,7-11 Str   1380 Pear Avenue,1380 PEAR AVENUE,convenience_store,,7-Eleven,"https://www.google.com/maps/@37.415994,-122.0771611,3a,75y,0h,90t/data=!3m4!1e1!3m2",66d60e33-419a-49a9-b8aa-d1b43e758590,Q259340,https://www.7-eleven.com/locations/ca/mountain-view/1380-pear-avenue-33660,,2,37.415994,-122.0771611
,,,,Sun Market & Liquor,123 E 11th St,liquor_store,['grocery_store' 'eat_and_drink'],,"https://www.google.com/maps/@33.7756203,-117.2285949,3a,75y,0h,90t/data=!3m4!1e1!3m2",6268850d-dde3-4ae0-a553-c24692b81594,,http://sunmarketliquor.placeweb.site/,+19519431827,2,33.7756203,-117.2285949
,,,,RK Party Store,4359 Capital Ave SW,liquor_store,['convenience_store'],,"https://www.google.com/maps/@34.0902121,-118.3548821,3a,75y,0h,90t/data=!3m4!1e1!3m2",efef03b0-5d35-4ce1-90a0-3134231803f7,,,+12692821640,2,34.0902121,-118.3548821
,,,,Primavera Guatemalteca,4421 Foothill Blvd,grocery_store,['supermarket' 'convenience_store'],,"https://www.google.com/maps/@37.7743887,-122.2115055,3a,75y,0h,90t/data=!3m4!1e1!3m2",166df912-9461-4d95-889b-f141b2c0c809,,,+15103281040,2,37.7743887,-122.2115055
,,,,Mullens Market & Liquor,3011 Imperial Ave,convenience_store,['grocery_store' 'supermarket'],,"https://www.google.com/maps/@32.7063257,-117.129242,3a,75y,0h,90t/data=!3m4!1e1!3m2",24880583-e5c5-456a-88a5-7eb3e36234c3,,,+16192398344,2,32.7063257,-117.129242
,,,,Tesoro,201 W Main St,convenience_store,,,"https://www.google.com/maps/@32.97889980323845,-115.54397275937104,3a,75y,0h,90t/data=!3m4!1e1!3m2",79fde47c-74c2-43ba-81d5-e4bc07cfc5d4,,http://tsocorp.com,(760) 344-2692,2,32.97889980323845,-115.54397275937104
,,,,Rite Aid,456 S Madera Ave,convenience_store,['pharmacy' 'drugstore' 'retail'],,"https://www.google.com/maps/@36.7285679,-120.0601535,3a,75y,0h,90t/data=!3m4!1e1!3m2",e0325440-cac2-48f2-8317-2518a999e400,,,5598467115,2,36.7285679,-120.0601535
,,,,Hye Market,2012 W Bullard Ave,grocery_store,['supermarket' 'eat_and_drink'],,"https://www.google.com/maps/@36.8234558,-119.8266576,3a,75y,0h,90t/data=!3m4!1e1!3m2",ecedb8ae-cbe3-42c8-86f5-97ba448ecb21,,,+15594489791,2,36.8234558,-119.8266576
,,,,RH Reclutamiento Mercado 2001,Calle Río Sinaloa 698,supermarket,,,"https://www.google.com/maps/@32.65509,-115.43754,3a,75y,0h,90t/data=!3m4!1e1!3m2",8d8167c6-c5b8-48ab-807c-106d57828c20,,,+526863568292,2,32.65509,-115.43754
,,,,Family Dollar,1281 N Santa Fe Ave,discount_store,['retail' 'grocery_store'],Family Dollar,"https://www.google.com/maps/@33.2171503,-117.2445497,3a,75y,0h,90t/data=!3m4!1e1!3m2",b43b4f7b-ae06-4950-8f71-8c8c6b5d7cc7,,https://locations.familydollar.com/ca/vista/1281-n-santa-fe-avenue,+14422245077,2,33.2171503,-117.2445497
,,,,ExtraMile,8801 Foothill Blvd,convenience_store,,ExtraMile,"https://www.google.com/maps/@34.1060875,-117.61345,3a,75y,0h,90t/data=!3m4!1e1!3m2",a52cf008-658a-4fa4-bbf5-11db64eb2958,,https://www.chevronextramile.com/station-finder/8801-foothill-blvd-rancho-cucamonga-ca-91730-id209520,+19099444175,2,34.1060875,-117.61345
,,,,Sciambra Vineyards Napa Valley,3367 Atlas Peak Rd,winery,['grocery_store'],,"https://www.google.com/maps/@38.3997259,-122.2449565,3a,75y,0h,90t/data=!3m4!1e1!3m2",55c7490d-4794-49d8-be99-0581ef5f5203,,,+17072081478,2,38.3997259,-122.2449565
,,,,Bcp Str    7009 Aliante Pkwy,7009 ALIANTE PKWY,convenience_store,,7-Eleven,"https://www.google.com/maps/@36.2876757,-115.1795772,3a,75y,0h,90t/data=!3m4!1e1!3m2",8ae40851-8415-4444-873d-0a59be399c21,Q259340,https://www.7-eleven.com/locations/nv/north-las-vegas/7009-aliante-blvd-39607,,2,36.2876757,-115.1795772
,,,,Shell,5321 Stockdale Hwy,gas_station,['convenience_store' 'energy_company'],Shell,"https://www.google.com/maps/@35.3540355,-119.0607099,3a,75y,0h,90t/data=!3m4!1e1!3m2",4ed36480-7d9f-4823-a83b-416c850c2640,,https://find.shell.com/us/fuel/10006171-5321-stockdale-hwy,+16618321399,2,35.3540355,-119.0607099
,,,,Marhaba Halal Market and Restaurant,8460 Elk Grove Blvd,grocery_store,['restaurant' 'butcher_shop'],,"https://www.google.com/maps/@38.4086643,-121.3914228,3a,75y,0h,90t/data=!3m4!1e1!3m2",bb2c8531-b718-4c31-a5f4-ff1e51fde19f,,,+12793337837,2,38.4086643,-121.3914228
,,,,Shell,515 N Magnolia Ave,gas_station,['convenience_store' 'energy_company'],Shell,"https://www.google.com/maps/@32.8011418,-116.9621245,3a,75y,0h,90t/data=!3m4!1e1!3m2",5ce91b07-b2a2-4618-811a-11a30acbceb9,,https://find.shell.com/us/fuel/10006158-515-n-magnolia-ave,+16194402957,2,32.8011418,-116.9621245
,,,,Upper Lake Grocery,160 E CA-20,grocery_store,['supermarket'],,"https://www.google.com/maps/@39.1624167,-122.9116091,3a,75y,0h,90t/data=!3m4!1e1!3m2",43a0f30b-6226-43bb-ad71-faf16b2f0a03,,,+17072754018,2,39.1624167,-122.9116091
,,,,Chevron,35555 Ghost Town Rd,gas_station,['convenience_store'],Chevron,"https://www.google.com/maps/@34.9040649,-116.8865462,3a,75y,0h,90t/data=!3m4!1e1!3m2",4691026c-eea8-4347-bdef-13858785fb48,,https://www.chevronwithtechron.com/en_us/home/find-a-station.html?/station/35555-GHOST-TOWN-ROAD-YERMO-CA-92398-0000-id378246,+17602543959,2,34.9040649,-116.8865462
,,,,Grocery Discount Center,7065 El Camino Real,grocery_store,['supermarket' 'discount_store'],,"https://www.google.com/maps/@35.486507,-120.6632498,3a,75y,0h,90t/data=!3m4!1e1!3m2",0856c34f-ba13-4218-ae22-8d7ad0d3a572,,,+18054609341,2,35.486507,-120.6632498
,,,,Rite Aid,8027 N Cedar Ave,convenience_store,,,"https://www.google.com/maps/@36.8526,-119.757,3a,75y,0h,90t/data=!3m4!1e1!3m2",a6f249c5-f6d8-4bed-8a9b-9131e9028dbe,,https://www.riteaid.com/store-details?storeNumber=6378,5594311002,2,36.8526,-119.757
,,,,69helliop,100 S Grand Ave,grocery_store,,,"https://www.google.com/maps/@34.05535,-118.24879,3a,75y,0h,90t/data=!3m4!1e1!3m2",8301a45c-ec07-4dae-a32c-758c2007561f,,,+16463734661,2,34.05535,-118.24879
,,,,R Choice Market,959 E 4th St,convenience_store,['grocery_store' 'supermarket'],,"https://www.google.com/maps/@34.0781014,-117.6347347,3a,75y,0h,90t/data=!3m4!1e1!3m2",aeb44b07-29c1-4f5d-bf14-d6588879da64,,,+19094671996,2,34.0781014,-117.6347347
,,,,"Redondo Beach, Ca.",,beach,['shopping' 'grocery_store'],,"https://www.google.com/maps/@33.8124269,-118.2881717,3a,75y,0h,90t/data=!3m4!1e1!3m2",a73e29f5-19c3-4706-827b-ec308eb3cfb4,,,,2,33.8124269,-118.2881717
,,,,Lucy's Market,1576 Industrial Blvd,grocery_store,['supermarket' 'eat_and_drink'],,"https://www.google.com/maps/@32.5989339,-117.0844059,3a,75y,0h,90t/data=!3m4!1e1!3m2",0bbb87af-273f-46d1-8ffa-01a6134bdc8f,,,+16194230177,2,32.5989339,-117.0844059
,,,,Hearthy Foods,2043 Imperial St,health_food_store,['grocery_store' 'organic_grocery_store'],,"https://www.google.com/maps/@34.0201353,-118.2317385,3a,75y,0h,90t/data=!3m4!1e1!3m2",a81916fe-42cd-498a-a113-4a9caf7e188e,,https://www.hearthyfoods.com/,+12133725093,2,34.0201353,-118.2317385
,,,,7-Eleven,1621 N Placentia Ave,convenience_store,['grocery_store' 'supermarket'],7-Eleven,"https://www.google.com/maps/@33.8871278,-117.8754979,3a,75y,0h,90t/data=!3m4!1e1!3m2",bfa87b39-dc8f-432b-a57e-1a9d08fd1b35,,https://www.7-eleven.com/locations/ca/fullerton/1621-n.-placentia-19988,+17149939251,2,33.8871278,-117.8754979
,,,,Shell,1305 Front St,gas_station,['convenience_store' 'energy_company'],Shell,"https://www.google.com/maps/@36.4172167,-121.3212252,3a,75y,0h,90t/data=!3m4!1e1!3m2",7e216b0c-478f-4175-9998-d38f433ff6b6,,https://find.shell.com/us/fuel/10008362-1305-s-front-st,+18316782225,2,36.4172167,-121.3212252
,,,,76,1137 W Lathrop Rd,gas_station,['convenience_store'],76,"https://www.google.com/maps/@37.8267139,-121.2344769,3a,75y,0h,90t/data=!3m4!1e1!3m2",54701e82-126f-4480-9b70-81eb472eaaa9,,https://www.76.com/,+12098242760,2,37.8267139,-121.2344769
,,,,Carniceria La Barata,1110 Dover Pl,grocery_store,['butcher_shop' 'liquor_store'],,"https://www.google.com/maps/@35.769798,-119.252556,3a,75y,0h,90t/data=!3m4!1e1!3m2",ea59edd0-7922-466a-b0dd-dea961bb1dfc,,,+16617259206,2,35.769798,-119.252556
,,,,My Goods Market,3031 P St,gas_station,['convenience_store' 'eat_and_drink'],,"https://www.google.com/maps/@38.5665855,-121.4684336,3a,75y,0h,90t/data=!3m4!1e1!3m2",171b87c0-e2e5-43c6-a104-2951f9740499,,http://76.com,+19164552814,2,38.5665855,-121.4684336
,,,,El Rancho Market,1468 W Temple St,supermarket,['grocery_store' 'convenience_store'],,"https://www.google.com/maps/@34.0676589,-118.2589255,3a,75y,0h,90t/data=!3m4!1e1!3m2",c174e944-48ff-4b03-9a71-0146af00a4e8,,http://elranchomarket.com,+12132507998,2,34.0676589,-118.2589255
,,,,Planta de Agua La Gota Feliz,"Valle Verde, C. Bahia de Los Angeles &",supermarket,['grocery_store' 'convenience_store'],,"https://www.google.com/maps/@32.6478337,-115.5150878,3a,75y,0h,90t/data=!3m4!1e1!3m2",8cfde65b-032f-4307-af00-33fe126e6a67,,,,2,32.6478337,-115.5150878
,,,,Alta Mart,295 N Waterman Ave,gas_station,['convenience_store' 'oil_change_station'],,"https://www.google.com/maps/@34.1042434,-117.2784454,3a,75y,0h,90t/data=!3m4!1e1!3m2",f7045fa8-cb83-45a8-b8a2-8c88af678487,,,+19097499426,2,34.1042434,-117.2784454
,,,,Grocery Outlet,414 Grass Valley Hwy,grocery_store,['discount_store' 'supermarket'],Grocery Outlet,"https://www.google.com/maps/@38.9048089,-121.0752855,3a,75y,0h,90t/data=!3m4!1e1!3m2",8949dc17-d6f5-4478-bc03-6f8484e4f106,,https://groceryoutlet.com/circulars/storeid/87,+15308850250,2,38.9048089,-121.0752855
,,,,Safeway,2720 41st Ave,grocery_store,['supermarket' 'retail'],Safeway,"https://www.google.com/maps/@36.9863154,-121.9636308,3a,75y,0h,90t/data=!3m4!1e1!3m2",eb9530ef-6b02-45d0-a16e-231e76319cdf,,https://local.safeway.com/safeway/ca/soquel/2720-41st-ave.html,+18314777212,2,36.9863154,-121.9636308
,,,,HK2 Food District,987 S Glendora Ave,eat_and_drink,['asian_restaurant' 'supermarket'],,"https://www.google.com/maps/@34.0586396,-117.9369373,3a,75y,0h,90t/data=!3m4!1e1!3m2",5aea8eed-e5d4-41b6-b109-2345eda40f35,,http://www.hk2-district.com/,+16263379098,2,34.0586396,-117.9369373
,,,,Gallego Horto Frut | Mexicali,"Carretera San Luis Km. 20.5, Ejido Cuernavaca",fruits_and_vegetables,['grocery_store' 'supermarket'],,"https://www.google.com/maps/@32.6567445,-115.4873174,3a,75y,0h,90t/data=!3m4!1e1!3m2",fe3c7048-8d25-4d48-a1dc-0704d5ff0458,,http://www.gallegohortofrut.com/,,2,32.6567445,-115.4873174
,,,,La Perla Market,7681 Santa Fe Ave,grocery_store,['supermarket' 'shopping'],,"https://www.google.com/maps/@33.9696471,-118.2304218,3a,75y,0h,90t/data=!3m4!1e1!3m2",e3fdddb0-6c7c-4c64-864a-8ba2b6c9dcd5,,,+13235882050,2,33.9696471,-118.2304218
,,,,Gerry's General Store,6627 California Ave,discount_store,['shopping' 'convenience_store'],,"https://www.google.com/maps/@33.97715,-118.202716,3a,75y,0h,90t/data=!3m4!1e1!3m2",5b4102f5-113d-49ac-a879-05c7f1bb1f4d,,,+13234752564,2,33.97715,-118.202716
,,,,Hawaii Supermarket,120 E Valley Blvd,supermarket,['grocery_store' 'shopping'],,"https://www.google.com/maps/@34.0792762,-118.0989782,3a,75y,0h,90t/data=!3m4!1e1!3m2",8a71de6c-b466-41e7-9945-b8f398ee79b2,,http://www.hawaii-supermarket.com,+16263070062,2,34.0792762,-118.0989782
,,,,7-Eleven,2484 F St,convenience_store,['grocery_store' 'supermarket'],7-Eleven,"https://www.google.com/maps/@32.7138756,-117.1406846,3a,75y,0h,90t/data=!3m4!1e1!3m2",2c03dfc2-8738-47c4-9404-04e28a032d6f,,http://www.7-eleven.com/,+16192378836,2,32.7138756,-117.1406846
,,,,Leggett Valley,67678 Drive Thru Tree Rd,specialty_grocery_store,['grocery_store' 'eat_and_drink'],,"https://www.google.com/maps/@39.8653762,-123.7151121,3a,75y,0h,90t/data=!3m4!1e1!3m2",f69879f3-889e-4a0a-bf50-e08d6c604ada,,,+17079256033,2,39.8653762,-123.7151121
,,,,Producers Dairy Foods,14940 Camage Ave,grocery_store,['food_beverage_service_distribution' 'restaurant'],,"https://www.google.com/maps/@37.9621,-120.3189,3a,75y,0h,90t/data=!3m4!1e1!3m2",69990a67-a7f9-4e1e-9dbd-f2491ea50564,,,+12095324907,2,37.9621,-120.3189
,,,,Todo Discount,26035 Base Line St,event_photography,['professional_services' 'convenience_store'],,"https://www.google.com/maps/@34.120847,-117.236659,3a,75y,0h,90t/data=!3m4!1e1!3m2",4f6802cb-eacd-4bea-993d-8436d9ed317c,,,+19098644059,2,34.120847,-117.236659
,,,,El Cielo Mini Market,10722 S San Pedro St,convenience_store,['grocery_store'],,"https://www.google.com/maps/@33.9385759,-118.2694425,3a,75y,0h,90t/data=!3m4!1e1!3m2",1a868b98-569a-4711-807d-10ffac46c59f,,,+13237793299,2,33.9385759,-118.2694425
,,,,Soriana Industrial 383,Boulevard Industrial 20,supermarket,['grocery_store' 'shopping'],Soriana,"https://www.google.com/maps/@32.5362516,-116.9309925,3a,75y,0h,90t/data=!3m4!1e1!3m2",d3ad83d1-0429-4758-8ccb-6aa89676d485,,http://www.soriana.com/,+526646074219,2,32.5362516,-116.9309925
,,,,OXXO,Callejón Sonora 399,convenience_store,['grocery_store' 'shopping'],OXXO,"https://www.google.com/maps/@32.643958,-115.4864287,3a,75y,0h,90t/data=!3m4!1e1!3m2",0f4f74b8-7d43-4c4e-9aec-c65e0ad29311,,https://www.oxxo.com/,+525583202020,2,32.643958,-115.4864287
,,,,Abarrotes La Tiendita,Avenida Río Sena 2600,grocery_store,['supermarket' 'convenience_store'],,"https://www.google.com/maps/@32.6179782,-115.5161698,3a,75y,0h,90t/data=!3m4!1e1!3m2",d47871d2-64c6-4a1c-93f7-b0b71fda2623,,,+526865559525,2,32.6179782,-115.5161698
,,,,Korea Plaza,9580 Garden Grove Blvd,shopping_center,['public_plaza' 'grocery_store'],,"https://www.google.com/maps/@33.7732247,-117.9655383,3a,75y,0h,90t/data=!3m4!1e1!3m2",adb6221d-867d-4a0e-b341-46ead4b50b56,,https://local.yahoo.com/info-152921169-korea-plaza-garden-grove,+17145392702,2,33.7732247,-117.9655383
,,,,Quetzal Express 3,411 N Main Ave,grocery_store,['convenience_store' 'shopping'],,"https://www.google.com/maps/@33.3849698,-117.2512148,3a,75y,0h,90t/data=!3m4!1e1!3m2",28111fc6-7d60-4fb5-86c4-f194dcb20829,,,+14422629030,2,33.3849698,-117.2512148
,,,,7-Eleven,1248 Boulevard Way,convenience_store,['grocery_store' 'supermarket'],7-Eleven,"https://www.google.com/maps/@37.8936968,-122.0759244,3a,75y,0h,90t/data=!3m4!1e1!3m2",f9bc476a-919b-4273-9067-69404c1a6504,,https://www.7-eleven.com/locations/ca/walnut-creek/1248-boulevard-way-16990,+19259391878,2,37.8936968,-122.0759244
,,,,Fireworks Store,,firework_retailer,['convenience_store' 'liquor_store'],,"https://www.google.com/maps/@36.4999018,-114.7598868,3a,75y,0h,90t/data=!3m4!1e1!3m2",8d2e6eb1-3abe-46f4-a433-f1aa11bb2081,,https://www.fireworks.com/locations/by-state/tx,,2,36.4999018,-114.7598868
,,,,7-Eleven,20103 Saticoy St,convenience_store,['grocery_store' 'supermarket'],7-Eleven,"https://www.google.com/maps/@34.2088061,-118.5712945,3a,75y,0h,90t/data=!3m4!1e1!3m2",fb67b8a1-0a8b-49cf-ad94-9073383d0654,,https://www.7-eleven.com/locations/ca/canoga-park/20103-west-saticoy-26640,+18188822655,2,34.2088061,-118.5712945
,,,,Eddie's Market,2444 E 4th St,pizza_restaurant,['grocery_store' 'supermarket'],,"https://www.google.com/maps/@33.7716371,-118.1619326,3a,75y,0h,90t/data=!3m4!1e1!3m2",c7717bfd-bc9e-4c24-b63a-ecc6a57a81d0,,https://eddiesmarketpizza.ordersnapp.com/home,+15623435144,2,33.7716371,-118.1619326
,,,,Rocky's Quality Meats,71 San Pablo Ave,butcher_shop,['delicatessen' 'grocery_store'],,"https://www.google.com/maps/@37.9959777,-122.5282985,3a,75y,0h,90t/data=!3m4!1e1!3m2",71a01441-9504-49c4-b9fe-0dc4072446f1,,https://rockys-quality-meats.hub.biz/,+14154792131,2,37.9959777,-122.5282985
,,,,Woody's Market and Deli & Liquor,5911 King Rd,convenience_store,['delicatessen' 'grocery_store'],,"https://www.google.com/maps/@38.8254151,-121.1932233,3a,75y,0h,90t/data=!3m4!1e1!3m2",71e4f91d-c17d-4438-a7d2-cd84582099bd,,,+19166527995,2,38.8254151,-121.1932233
,,,,Nope,608 10th St,grocery_store,['health_food_store' 'caterer'],,"https://www.google.com/maps/@38.584336,-121.492022,3a,75y,0h,90t/data=!3m4!1e1!3m2",1ff64c16-b971-4ccf-9f34-f579e282ea0c,,,,2,38.584336,-121.492022
,,,,La Mixteca Market y Carniceria,3587 Main St,butcher_shop,['meat_wholesaler' 'grocery_store'],,"https://www.google.com/maps/@37.9977108,-121.7129861,3a,75y,0h,90t/data=!3m4!1e1!3m2",644e6ef4-6b5b-44c2-8ca7-a979693a328b,,,+19253928002,2,37.9977108,-121.7129861
,,,,Trader Joes,7575 W Washington Ave,grocery_store,['supermarket' 'organic_grocery_store'],Trader Joe's,"https://www.google.com/maps/@36.1806469,-115.2578217,3a,75y,0h,90t/data=!3m4!1e1!3m2",66792ddc-7af8-4e27-b2a2-6e3bb974ae9e,,https://locations.traderjoes.com/nv/las-vegas/86/,+17022428240,2,36.1806469,-115.2578217
,,,,EZ's Mountain Mercantile,31232 State Highway 44,convenience_store,['flowers_and_gifts_shop' 'sporting_goods'],,"https://www.google.com/maps/@40.4924442,-121.8902,3a,75y,0h,90t/data=!3m4!1e1!3m2",9260187b-4fb9-4288-b413-c988efd091f5,,,+15304746711,2,40.4924442,-121.8902
,,,,Paloma Express,210 Arvin Ave,grocery_store,['supermarket' 'butcher_shop'],,"https://www.google.com/maps/@35.2102597,-118.8261658,3a,75y,0h,90t/data=!3m4!1e1!3m2",67e8423e-ba28-4c06-a5f2-12a9583c943c,,,+16613904805,2,35.2102597,-118.8261658
,,,,Etcheverry’s Food Town,424 E Front St,supermarket,['grocery_store' 'convenience_store'],,"https://www.google.com/maps/@40.6383976,-116.9310103,3a,75y,0h,90t/data=!3m4!1e1!3m2",ff73e9f9-7e95-4989-b123-a5d0979537e1,,https://www.afstores.com,+17756352677,2,40.6383976,-116.9310103
,,,,Ralphs,25 E Alameda Ave,grocery_store,['supermarket' 'eat_and_drink'],Ralphs,"https://www.google.com/maps/@34.1731843,-118.3020508,3a,75y,0h,90t/data=!3m4!1e1!3m2",282a74d9-4260-47e1-b564-761b61567beb,,https://www.ralphs.com/stores/grocery/ca/burbank/the-gateway-at-burbank/703/00193?cid=loc_70300193_fb,+18185561558,2,34.1731843,-118.3020508
,,,,Panaderia y Pasteleria Florita,Calzada Naciones Unidas 1600a,bakery,['grocery_store'],,"https://www.google.com/maps/@32.6328103,-115.5141427,3a,75y,0h,90t/data=!3m4!1e1!3m2",54ce8f77-88f7-4521-9d65-f7acff8bbb21,,,+526861646533,2,32.6328103,-115.5141427
,,,,Olive Market,1101 N Winton Way,liquor_store,['convenience_store' 'grocery_store'],,"https://www.google.com/maps/@37.3487937,-120.6131939,3a,75y,0h,90t/data=!3m4!1e1!3m2",fc28e192-c780-4838-b0ed-f15c160afd24,,,+12093571774,2,37.3487937,-120.6131939
,,,,49ers Liquors and Groceries,3701 Mission St,convenience_store,['grocery_store' 'supermarket'],,"https://www.google.com/maps/@37.7372859,-122.4239897,3a,75y,0h,90t/data=!3m4!1e1!3m2",172ec86a-149b-475d-bd14-686dff2dc973,,,+14157570038,2,37.7372859,-122.4239897
,,,,Abarrotes Chiquitin,Avenida Destreza 2752,grocery_store,['supermarket' 'convenience_store'],,"https://www.google.com/maps/@32.6013165,-115.512213,3a,75y,0h,90t/data=!3m4!1e1!3m2",4e1f85f1-fa80-4b2e-a906-d60e4b957559,,,+526865767390,2,32.6013165,-115.512213
,,,,ARCO,495 S Waterman Ave,gas_station,['convenience_store' 'travel'],ARCO,"https://www.google.com/maps/@34.0924072,-117.2782858,3a,75y,0h,90t/data=!3m4!1e1!3m2",41827a57-edd5-443f-832b-44217a6f4502,,https://www.arco.com/en-us/southwest/find-a-station/,+19098903655,2,34.0924072,-117.2782858
,,,,Sweet & Sour,521 4th Ave,mexican_restaurant,['grocery_store' 'restaurant'],,"https://www.google.com/maps/@32.63253,-117.08072,3a,75y,0h,90t/data=!3m4!1e1!3m2",313a11e9-e30a-4757-9141-fc8d6e3fb45a,,,+16195770107,2,32.63253,-117.08072
,,,,Morton's Travel Plaza,1000 E Cheyenne Ave,gas_station,['convenience_store' 'travel'],,"https://www.google.com/maps/@36.2183055,-115.128031,3a,75y,0h,90t/data=!3m4!1e1!3m2",a23680d8-e6e8-4649-9190-0c5b2f7d089e,,http://www.mortonslv.net/,+17026492001,2,36.2183055,-115.128031
,,,,N S Mini Mart,951 W Teapot Dome Ave,gas_station,['convenience_store' 'grocery_store'],,"https://www.google.com/maps/@36.0220067,-119.0391594,3a,75y,0h,90t/data=!3m4!1e1!3m2",8dfa0c7a-8604-47bf-a7ea-9f632103a488,,http://chevronwithtechron.com,+15597811059,2,36.0220067,-119.0391594
,,,,Taqueria La Curva Bakersfield,113 S King St,mexican_restaurant,['restaurant' 'grocery_store'],,"https://www.google.com/maps/@35.35625,-118.99381,3a,75y,0h,90t/data=!3m4!1e1!3m2",6f2c6f5e-d699-46d4-ba7b-5f2596ceaec3,,,+13237380647,2,35.35625,-118.99381
,,,,Louise Market,600 S Ditman Ave,grocery_store,['supermarket' 'convenience_store'],,"https://www.google.com/maps/@34.028172,-118.1891411,3a,75y,0h,90t/data=!3m4!1e1!3m2",01b5aeba-2eb7-4382-a118-6114686f765b,,,+13232651959,2,34.028172,-118.1891411
,,,,ampm,8361 Sheldon Rd,convenience_store,['grocery_store'],ampm,"https://www.google.com/maps/@38.4386591,-121.3965541,3a,75y,0h,90t/data=!3m4!1e1!3m2",192dbb5e-3c35-4c71-b0a0-d6cacc9148c4,,https://www.ampm.com/,+19167149828,2,38.4386591,-121.3965541
,,,,Milky Way Drive in,5400 N Figueroa St,convenience_store,['fast_food_restaurant'],,"https://www.google.com/maps/@34.1072,-118.1969,3a,75y,0h,90t/data=!3m4!1e1!3m2",f4b55c75-aab6-4fda-a2d2-20233b4ba886,,,,2,34.1072,-118.1969
,,,,Lakeridge Inn Gas,8752 CA-49,gas_station,['convenience_store' 'hotel'],,"https://www.google.com/maps/@37.9918737,-120.4578829,3a,75y,0h,90t/data=!3m4!1e1!3m2",69f9d2e0-0fb8-4484-ad99-803bf7df9678,,http://lake-ridge.com,+12095333796,2,37.9918737,-120.4578829
,,,,Platanitos morita,Avenida Casiterita 1830,grocery_store,['health_food_store'],,"https://www.google.com/maps/@32.5783383,-115.3516248,3a,75y,0h,90t/data=!3m4!1e1!3m2",cca32d09-d5a4-4ecc-b4f8-e7c87b95124e,,,+526863230832,2,32.5783383,-115.3516248
,,,,Broadway Market,20511 Broadway,supermarket,['grocery_store' 'eat_and_drink'],,"https://www.google.com/maps/@38.2754254,-122.4606897,3a,75y,0h,90t/data=!3m4!1e1!3m2",dba53764-7b06-47d4-b229-af16da9db7f6,,http://www.broadwaymarketsonoma.com/,+17079382685,2,38.2754254,-122.4606897
,,,,7-11 Str   1136 Imola Ave,1136 IMOLA AVE,convenience_store,,7-Eleven,"https://www.google.com/maps/@38.2803164,-122.2653232,3a,75y,0h,90t/data=!3m4!1e1!3m2",3662777e-40dd-49f6-836f-fd44e8881469,Q259340,https://www.7-eleven.com/locations/ca/napa/1136-imola-ave-14152,,2,38.2803164,-122.2653232
,,,,Pure Afrik Cosmetics,3651 Arville St,grocery_store,,,"https://www.google.com/maps/@36.12396,-115.19952,3a,75y,0h,90t/data=!3m4!1e1!3m2",01f7aedf-592b-4d15-9032-52c0c69e9af6,,,,2,36.12396,-115.19952
,,,,Grip and Go,2512 Coffee Rd,convenience_store,['gas_station' 'grocery_store'],,"https://www.google.com/maps/@37.6775302,-120.9754006,3a,75y,0h,90t/data=!3m4!1e1!3m2",d8ae5436-e550-4b7e-887c-336454a62448,,,+12095220622,2,37.6775302,-120.9754006
